time (hr),basin_temp (degF),PID_output,fan_bias_1,fan_bias_2,fan_bias_3,fan_bias_4,fan_bias_5,fan_bias_6,fan_bias_7,fan_bias_8,fan_bias_9,fan_bias_10,fan_bias_11,fan_bias_12,T_amb (degF),T_hotbed (degF),total_power (kW)
0.10898533387552199,69.99777581474972,0.8998916108001213,0.8592321856342957,-0.3672488908364282,-0.6321623766458111,-0.5908794428939206,0.1354500581633733,0.1910894059585031,0.9290290394712433,0.30635419374314177,0.4978132750678237,0.3071397417034707,0.49542961854254775,0.9226134721456427,46.04,97.88848278451444,1379.2020759848829
0.21807351468331745,72.79915149654583,1.0363646255274475,0.8592321856342957,-0.3672488908364282,-0.6321623766458111,-0.5908794428939206,0.1354500581633733,0.1910894059585031,0.9290290394712433,0.30635419374314177,0.4978132750678237,0.3071397417034707,0.49542961854254775,0.9226134721456427,46.04,97.88848278451444,1435.0582576145177
0.32713845670742964,71.12781688049056,1.0101431100439624,0.8592321856342957,-0.3672488908364282,-0.6321623766458111,-0.5908794428939206,0.1354500581633733,0.1910894059585031,0.9290290394712433,0.30635419374314177,0.4978132750678237,0.3071397417034707,0.49542961854254775,0.9226134721456427,46.04,97.88848278451444,1424.3262185049828
0.4362078372087928,70.77702742195075,1.0152997726537,0.8592321856342957,-0.3672488908364282,-0.6321623766458111,-0.5908794428939206,0.1354500581633733,0.1910894059585031,0.9290290394712433,0.30635419374314177,0.4978132750678237,0.3071397417034707,0.49542961854254775,0.9226134721456427,46.04,97.88848278451444,1426.436756503339
0.5452776938728671,70.47370303820352,1.015848574809648,0.8592321856342957,-0.3672488908364282,-0.6321623766458111,-0.5908794428939206,0.1354500581633733,0.1910894059585031,0.9290290394712433,0.30635419374314177,0.4978132750678237,0.3071397417034707,0.49542961854254775,0.9226134721456427,46.04,97.88848278451444,1426.6613722851666
0.6543493994745899,70.32548700433344,1.0179716650309911,0.8592321856342957,-0.3672488908364282,-0.6321623766458111,-0.5908794428939206,0.1354500581633733,0.1910894059585031,0.9290290394712433,0.30635419374314177,0.4978132750678237,0.3071397417034707,0.49542961854254775,0.9226134721456427,46.04,97.88848278451444,1427.5303185252449
0.7634228923600103,70.23558044532884,1.0200120560845143,0.8592321856342957,-0.3672488908364282,-0.6321623766458111,-0.5908794428939206,0.1354500581633733,0.1910894059585031,0.9290290394712433,0.30635419374314177,0.4978132750678237,0.3071397417034707,0.49542961854254775,0.9226134721456427,46.04,97.88848278451444,1428.3654173431964
0.8724981868753816,70.18217455097457,1.022057381167273,0.8592321856342957,-0.3672488908364282,-0.6321623766458111,-0.5908794428939206,0.1354500581633733,0.1910894059585031,0.9290290394712433,0.30635419374314177,0.4978132750678237,0.3071397417034707,0.49542961854254775,0.9226134721456427,46.04,97.88848278451444,1429.2025355789333
0.9815751831149504,70.14784726251837,1.023978770127488,0.8592321856342957,-0.3672488908364282,-0.6321623766458111,-0.5908794428939206,0.1354500581633733,0.1910894059585031,0.9290290394712433,0.30635419374314177,0.4978132750678237,0.3071397417034707,0.49542961854254775,0.9226134721456427,46.04,97.88848278451444,1429.9889287787712
1.0906537592815444,70.12441110030791,1.0257536430620133,0.8592321856342957,-0.3672488908364282,-0.6321623766458111,-0.5908794428939206,0.1354500581633733,0.1910894059585031,0.9290290394712433,0.30635419374314177,0.4978132750678237,0.3071397417034707,0.49542961854254775,0.9226134721456427,46.04,97.88848278451444,1430.7153553562043
1.1984406042684572,70.10724296151731,1.0273715839748385,-0.983223404116893,-0.7871112466045613,-0.4025925724612369,0.31282236616453996,0.6196251050818695,0.7443518274485661,0.9292951947438604,0.4473706938399069,0.28495065579168255,0.4349072416248274,-0.06480198556140704,-0.3488306449212444,44.6,79.49126663745358,1302.9271378158166
1.3061845259319347,68.88103621001227,0.9697318238077697,-0.983223404116893,-0.7871112466045613,-0.4025925724612369,0.31282236616453996,0.6196251050818695,0.7443518274485661,0.9292951947438604,0.4473706938399069,0.28495065579168255,0.4349072416248274,-0.06480198556140704,-0.3488306449212444,44.6,79.49126663745358,1265.4494077914542
1.4138865913130798,67.99146456360188,0.9043044377829997,-0.983223404116893,-0.7871112466045613,-0.4025925724612369,0.31282236616453996,0.6196251050818695,0.7443518274485661,0.9292951947438604,0.4473706938399069,0.28495065579168255,0.4349072416248274,-0.06480198556140704,-0.3488306449212444,44.6,79.49126663745358,1229.744923505399
1.5215532605720403,67.55594958085803,0.8434532972978996,-0.983223404116893,-0.7871112466045613,-0.4025925724612369,0.31282236616453996,0.6196251050818695,0.7443518274485661,0.9292951947438604,0.4473706938399069,0.28495065579168255,0.4349072416248274,-0.06480198556140704,-0.3488306449212444,44.6,79.49126663745358,1196.5377495489727
1.629193509377464,67.49636195437779,0.7923293504138602,-0.983223404116893,-0.7871112466045613,-0.4025925724612369,0.31282236616453996,0.6196251050818695,0.7443518274485661,0.9292951947438604,0.4473706938399069,0.28495065579168255,0.4349072416248274,-0.06480198556140704,-0.3488306449212444,44.6,79.49126663745358,1168.638818091261
1.7368130174501397,67.69170072617678,0.752452860633397,-0.983223404116893,-0.7871112466045613,-0.4025925724612369,0.31282236616453996,0.6196251050818695,0.7443518274485661,0.9292951947438604,0.4473706938399069,0.28495065579168255,0.4349072416248274,-0.06480198556140704,-0.3488306449212444,44.6,79.49126663745358,1151.6061254966673
1.844419618202532,67.99217487770338,0.7215537920705929,-0.983223404116893,-0.7871112466045613,-0.4025925724612369,0.31282236616453996,0.6196251050818695,0.7443518274485661,0.9292951947438604,0.4473706938399069,0.28495065579168255,0.4349072416248274,-0.06480198556140704,-0.3488306449212444,44.6,79.49126663745358,1138.9596401143456
1.9520115569380954,68.26468515165577,0.6952202176248403,-0.983223404116893,-0.7871112466045613,-0.4025925724612369,0.31282236616453996,0.6196251050818695,0.7443518274485661,0.9292951947438604,0.4473706938399069,0.28495065579168255,0.4349072416248274,-0.06480198556140704,-0.3488306449212444,44.6,79.49126663745358,1125.4764909398082
2.0595868717916295,68.49932574886765,0.672417691090739,-0.983223404116893,-0.7871112466045613,-0.4025925724612369,0.31282236616453996,0.6196251050818695,0.7443518274485661,0.9292951947438604,0.4473706938399069,0.28495065579168255,0.4349072416248274,-0.06480198556140704,-0.3488306449212444,44.6,79.49126663745358,1111.0192193943874
2.1671478226044103,68.73274505745823,0.6541850118187036,-0.983223404116893,-0.7871112466045613,-0.4025925724612369,0.31282236616453996,0.6196251050818695,0.7443518274485661,0.9292951947438604,0.4473706938399069,0.28495065579168255,0.4349072416248274,-0.06480198556140704,-0.3488306449212444,44.6,79.49126663745358,1098.5819884022571
2.274526093150602,68.95900568853399,0.6402087429018914,-0.12071078823038106,0.4593781654937028,0.9880291717999239,0.35374742354753996,0.5816450356955771,-0.6581714844151312,-0.9463014484201289,0.6007404878509215,0.8074450764340002,-0.9506475791414695,-0.016505363108228144,0.05251033469971578,42.980000000000004,75.51756435031284,1068.2136420425866
2.3817463048334817,64.91177646192764,0.42244040367700714,-0.12071078823038106,0.4593781654937028,0.9880291717999239,0.35374742354753996,0.5816450356955771,-0.6581714844151312,-0.9463014484201289,0.6007404878509215,0.8074450764340002,-0.9506475791414695,-0.016505363108228144,0.05251033469971578,42.980000000000004,75.51756435031284,933.2516858596027
2.4889912801028133,67.69305780693648,0.45758948802554095,-0.12071078823038106,0.4593781654937028,0.9880291717999239,0.35374742354753996,0.5816450356955771,-0.6581714844151312,-0.9463014484201289,0.6007404878509215,0.8074450764340002,-0.9506475791414695,-0.016505363108228144,0.05251033469971578,42.980000000000004,75.51756435031284,957.228265202776
2.5962126563441004,67.9407552506912,0.42414527474223546,-0.12071078823038106,0.4593781654937028,0.9880291717999239,0.35374742354753996,0.5816450356955771,-0.6581714844151312,-0.9463014484201289,0.6007404878509215,0.8074450764340002,-0.9506475791414695,-0.016505363108228144,0.05251033469971578,42.980000000000004,75.51756435031284,934.4146457808342
2.703407884917064,68.15149197624359,0.39378685780942563,-0.12071078823038106,0.4593781654937028,0.9880291717999239,0.35374742354753996,0.5816450356955771,-0.6581714844151312,-0.9463014484201289,0.6007404878509215,0.8074450764340002,-0.9506475791414695,-0.016505363108228144,0.05251033469971578,42.980000000000004,75.51756435031284,909.6075719801971
2.810574781504442,68.33122993918933,0.3660755559106019,-0.12071078823038106,0.4593781654937028,0.9880291717999239,0.35374742354753996,0.5816450356955771,-0.6581714844151312,-0.9463014484201289,0.6007404878509215,0.8074450764340002,-0.9506475791414695,-0.016505363108228144,0.05251033469971578,42.980000000000004,75.51756435031284,883.143408335761
2.9177170517099826,68.49889513596669,0.34132207950862314,-0.12071078823038106,0.4593781654937028,0.9880291717999239,0.35374742354753996,0.5816450356955771,-0.6581714844151312,-0.9463014484201289,0.6007404878509215,0.8074450764340002,-0.9506475791414695,-0.016505363108228144,0.05251033469971578,42.980000000000004,75.51756435031284,859.5039542003185
3.0248400419782815,68.69934127589559,0.3214740529364428,-0.12071078823038106,0.4593781654937028,0.9880291717999239,0.35374742354753996,0.5816450356955771,-0.6581714844151312,-0.9463014484201289,0.6007404878509215,0.8074450764340002,-0.9506475791414695,-0.016505363108228144,0.05251033469971578,42.980000000000004,75.51756435031284,840.5491816983601
3.131947299549269,68.88543709123526,0.30488142555453956,-0.12071078823038106,0.4593781654937028,0.9880291717999239,0.35374742354753996,0.5816450356955771,-0.6581714844151312,-0.9463014484201289,0.6007404878509215,0.8074450764340002,-0.9506475791414695,-0.016505363108228144,0.05251033469971578,42.980000000000004,75.51756435031284,824.7033001901918
3.239040881685673,69.04148047688147,0.2904958748880738,-0.12071078823038106,0.4593781654937028,0.9880291717999239,0.35374742354753996,0.5816450356955771,-0.6581714844151312,-0.9463014484201289,0.6007404878509215,0.8074450764340002,-0.9506475791414695,-0.016505363108228144,0.05251033469971578,42.980000000000004,75.51756435031284,810.9651666177367
3.3459876224446403,69.17710704815514,0.27819404245621326,0.19273202083876106,-0.8960849097949328,0.7901790561078423,0.45653236065423464,0.636700022779829,0.00044550566889656196,0.6203788176065095,-0.8080629485108668,-0.562099912535813,-0.48256187679377494,-0.06378849209412962,-0.08125359479303818,41.54,76.13680835659119,642.4533114900781
3.45291994014839,69.16004864275689,0.2611274086125328,0.19273202083876106,-0.8960849097949328,0.7901790561078423,0.45653236065423464,0.636700022779829,0.00044550566889656196,0.6203788176065095,-0.8080629485108668,-0.562099912535813,-0.48256187679377494,-0.06378849209412962,-0.08125359479303818,41.54,76.13680835659119,626.1547560289217
3.559853770149834,69.5371768633027,0.2629337582492779,0.19273202083876106,-0.8960849097949328,0.7901790561078423,0.45653236065423464,0.636700022779829,0.00044550566889656196,0.6203788176065095,-0.8080629485108668,-0.562099912535813,-0.48256187679377494,-0.06378849209412962,-0.08125359479303818,41.54,76.13680835659119,627.8798114795976
3.666818573358409,70.45462496323975,0.298511611731213,0.19273202083876106,-0.8960849097949328,0.7901790561078423,0.45653236065423464,0.636700022779829,0.00044550566889656196,0.6203788176065095,-0.8080629485108668,-0.562099912535813,-0.48256187679377494,-0.06378849209412962,-0.08125359479303818,41.54,76.13680835659119,661.8564950761073
3.773783268932561,70.26811692504285,0.2983922498490229,0.19273202083876106,-0.8960849097949328,0.7901790561078423,0.45653236065423464,0.636700022779829,0.00044550566889656196,0.6203788176065095,-0.8080629485108668,-0.562099912535813,-0.48256187679377494,-0.06378849209412962,-0.08125359479303818,41.54,76.13680835659119,661.7425050371435
3.8807504080533493,70.21507911863578,0.3010974440919908,0.19273202083876106,-0.8960849097949328,0.7901790561078423,0.45653236065423464,0.636700022779829,0.00044550566889656196,0.6203788176065095,-0.8080629485108668,-0.562099912535813,-0.48256187679377494,-0.06378849209412962,-0.08125359479303818,41.54,76.13680835659119,664.3259528808165
3.9877214714668794,70.21671694719196,0.30542068212689166,0.19273202083876106,-0.8960849097949328,0.7901790561078423,0.45653236065423464,0.636700022779829,0.00044550566889656196,0.6203788176065095,-0.8080629485108668,-0.562099912535813,-0.48256187679377494,-0.06378849209412962,-0.08125359479303818,41.54,76.13680835659119,668.4546249745056
4.0946949574507965,70.18348042559022,0.3080767338160626,0.19273202083876106,-0.8960849097949328,0.7901790561078423,0.45653236065423464,0.636700022779829,0.00044550566889656196,0.6203788176065095,-0.8080629485108668,-0.562099912535813,-0.48256187679377494,-0.06378849209412962,-0.08125359479303818,41.54,76.13680835659119,670.9911419092542
4.2016704666962905,70.15456132213674,0.3102874393176571,0.19273202083876106,-0.8960849097949328,0.7901790561078423,0.45653236065423464,0.636700022779829,0.00044550566889656196,0.6203788176065095,-0.8080629485108668,-0.562099912535813,-0.48256187679377494,-0.06378849209412962,-0.08125359479303818,41.54,76.13680835659119,673.102355318767
4.308647729789331,70.13119834777622,0.3121983445050448,0.19273202083876106,-0.8960849097949328,0.7901790561078423,0.45653236065423464,0.636700022779829,0.00044550566889656196,0.6203788176065095,-0.8080629485108668,-0.562099912535813,-0.48256187679377494,-0.06378849209412962,-0.08125359479303818,41.54,76.13680835659119,674.9272608310619
4.416033828783606,70.10969927980167,0.3137391398013839,0.419019560418358,-0.6438939882329238,0.06289976871926806,-0.6645155424270286,0.5376278368116205,0.8563410982306454,0.21898731598700705,-0.6996330106622366,-0.020746592612009174,-0.24531009233354872,0.6972028239555577,0.8221944572633453,44.6,87.0317508724506,798.7734529160637
4.523669383271512,74.36067700423335,0.5230624986795727,0.419019560418358,-0.6438939882329238,0.06289976871926806,-0.6645155424270286,0.5376278368116205,0.8563410982306454,0.21898731598700705,-0.6996330106622366,-0.020746592612009174,-0.24531009233354872,0.6972028239555577,0.8221944572633453,44.6,87.0317508724506,961.83887906883
4.63137848439215,73.83793166701386,0.5836224023243268,0.419019560418358,-0.6438939882329238,0.06289976871926806,-0.6645155424270286,0.5376278368116205,0.8563410982306454,0.21898731598700705,-0.6996330106622366,-0.020746592612009174,-0.24531009233354872,0.6972028239555577,0.8221944572633453,44.6,87.0317508724506,1002.7887449207145
4.73912475049579,73.03829594663856,0.620375306250526,0.419019560418358,-0.6438939882329238,0.06289976871926806,-0.6645155424270286,0.5376278368116205,0.8563410982306454,0.21898731598700705,-0.6996330106622366,-0.020746592612009174,-0.24531009233354872,0.6972028239555577,0.8221944572633453,44.6,87.0317508724506,1022.8452313620813
4.846882876539345,72.04232693584014,0.6317839918561399,0.419019560418358,-0.6438939882329238,0.06289976871926806,-0.6645155424270286,0.5376278368116205,0.8563410982306454,0.21898731598700705,-0.6996330106622366,-0.020746592612009174,-0.24531009233354872,0.6972028239555577,0.8221944572633453,44.6,87.0317508724506,1029.0710835728967
4.954648802657554,71.36794158056776,0.6392140596309523,0.419019560418358,-0.6438939882329238,0.06289976871926806,-0.6645155424270286,0.5376278368116205,0.8563410982306454,0.21898731598700705,-0.6996330106622366,-0.020746592612009174,-0.24531009233354872,0.6972028239555577,0.8221944572633453,44.6,87.0317508724506,1033.1257578343702
5.06242797280747,71.01056578958637,0.648787318805721,0.419019560418358,-0.6438939882329238,0.06289976871926806,-0.6645155424270286,0.5376278368116205,0.8563410982306454,0.21898731598700705,-0.6996330106622366,-0.020746592612009174,-0.24531009233354872,0.6972028239555577,0.8221944572633453,44.6,87.0317508724506,1039.017583357732
5.170216577948628,70.78275837518285,0.6576238375186263,0.419019560418358,-0.6438939882329238,0.06289976871926806,-0.6645155424270286,0.5376278368116205,0.8563410982306454,0.21898731598700705,-0.6996330106622366,-0.020746592612009174,-0.24531009233354872,0.6972028239555577,0.8221944572633453,44.6,87.0317508724506,1045.0453219450742
5.278017303880967,70.63769049559328,0.6659978795370501,0.419019560418358,-0.6438939882329238,0.06289976871926806,-0.6645155424270286,0.5376278368116205,0.8563410982306454,0.21898731598700705,-0.6996330106622366,-0.020746592612009174,-0.24531009233354872,0.6972028239555577,0.8221944572633453,44.6,87.0317508724506,1050.9598190478366
5.385824035145703,70.49337203214434,0.6715463121187403,0.419019560418358,-0.6438939882329238,0.06289976871926806,-0.6645155424270286,0.5376278368116205,0.8563410982306454,0.21898731598700705,-0.6996330106622366,-0.020746592612009174,-0.24531009233354872,0.6972028239555577,0.8221944572633453,44.6,87.0317508724506,1055.5015851788464
5.493699540378581,70.40108367072905,0.6767829360326569,-0.23230255768542296,-0.36900819320775224,0.1367883055908481,-0.6243639299512005,-0.7483169123452595,0.37519161008898383,0.5992134358948038,0.1470731303972863,0.9464599631989699,0.2681087542749572,0.7768434496228536,-0.009170482485071352,38.12,87.86634108937754,1098.872948335021
5.601931178017673,75.98917402665374,0.957015485565414,-0.23230255768542296,-0.36900819320775224,0.1367883055908481,-0.6243639299512005,-0.7483169123452595,0.37519161008898383,0.5992134358948038,0.1470731303972863,0.9464599631989699,0.2681087542749572,0.7768434496228536,-0.009170482485071352,38.12,87.86634108937754,1337.254756485577
5.710039775961064,71.13140659875651,0.8384502761326789,-0.23230255768542296,-0.36900819320775224,0.1367883055908481,-0.6243639299512005,-0.7483169123452595,0.37519161008898383,0.5992134358948038,0.1470731303972863,0.9464599631989699,0.2681087542749572,0.7768434496228536,-0.009170482485071352,38.12,87.86634108937754,1251.0235823920746
5.818145334227099,70.62980600094666,0.8363284201297022,-0.23230255768542296,-0.36900819320775224,0.1367883055908481,-0.6243639299512005,-0.7483169123452595,0.37519161008898383,0.5992134358948038,0.1470731303972863,0.9464599631989699,0.2681087542749572,0.7768434496228536,-0.009170482485071352,38.12,87.86634108937754,1248.9972198379903
5.9262501723651955,70.36449911605723,0.8358252759853564,-0.23230255768542296,-0.36900819320775224,0.1367883055908481,-0.6243639299512005,-0.7483169123452595,0.37519161008898383,0.5992134358948038,0.1470731303972863,0.9464599631989699,0.2681087542749572,0.7768434496228536,-0.009170482485071352,38.12,87.86634108937754,1248.5167195344923
6.034369488506397,70.42386032430325,0.8459094906218005,-0.23230255768542296,-0.36900819320775224,0.1367883055908481,-0.6243639299512005,-0.7483169123452595,0.37519161008898383,0.5992134358948038,0.1470731303972863,0.9464599631989699,0.2681087542749572,0.7768434496228536,-0.009170482485071352,38.12,87.86634108937754,1258.1470973254327
6.142493038969966,70.31252776970207,0.848846613540847,-0.23230255768542296,-0.36900819320775224,0.1367883055908481,-0.6243639299512005,-0.7483169123452595,0.37519161008898383,0.5992134358948038,0.1470731303972863,0.9464599631989699,0.2681087542749572,0.7768434496228536,-0.009170482485071352,38.12,87.86634108937754,1260.9520359695014
6.2506229410174425,70.27768104376464,0.8533145050261216,-0.23230255768542296,-0.36900819320775224,0.1367883055908481,-0.6243639299512005,-0.7483169123452595,0.37519161008898383,0.5992134358948038,0.1470731303972863,0.9464599631989699,0.2681087542749572,0.7768434496228536,-0.009170482485071352,38.12,87.86634108937754,1265.1659671434948
6.358757007643978,70.2376774159528,0.8568435782160672,-0.23230255768542296,-0.36900819320775224,0.1367883055908481,-0.6243639299512005,-0.7483169123452595,0.37519161008898383,0.5992134358948038,0.1470731303972863,0.9464599631989699,0.2681087542749572,0.7768434496228536,-0.009170482485071352,38.12,87.86634108937754,1268.0547514716748
6.466894369585495,70.19858736216308,0.8596279165304423,-0.23230255768542296,-0.36900819320775224,0.1367883055908481,-0.6243639299512005,-0.7483169123452595,0.37519161008898383,0.5992134358948038,0.1470731303972863,0.9464599631989699,0.2681087542749572,0.7768434496228536,-0.009170482485071352,38.12,87.86634108937754,1270.333920095843
6.575517072688268,70.16463594739002,0.861891440667146,-0.2967669402195756,0.4284607370890412,0.007858232895830985,-0.5487247869587211,-0.5100511195162718,0.5856014000991812,-0.009655170977261873,0.8301873467995529,0.8907436677500356,0.06646445931043155,-0.49501481088514665,0.4417241163496959,46.76,98.93543559206864,1261.5965613864673
6.684484832621544,73.64918500008716,1.0349490051564487,-0.2967669402195756,0.4284607370890412,0.007858232895830985,-0.5487247869587211,-0.5100511195162718,0.5856014000991812,-0.009655170977261873,0.8301873467995529,0.8907436677500356,0.06646445931043155,-0.49501481088514665,0.4417241163496959,46.76,98.93543559206864,1403.73921292596
6.793464842542668,72.33730487741589,1.0430152731281002,-0.2967669402195756,0.4284607370890412,0.007858232895830985,-0.5487247869587211,-0.5100511195162718,0.5856014000991812,-0.009655170977261873,0.8301873467995529,0.8907436677500356,0.06646445931043155,-0.49501481088514665,0.4417241163496959,46.76,98.93543559206864,1408.141069022303
6.902558983560609,72.85309801332126,1.1142650228252227,-0.2967669402195756,0.4284607370890412,0.007858232895830985,-0.5487247869587211,-0.5100511195162718,0.5856014000991812,-0.009655170977261873,0.8301873467995529,0.8907436677500356,0.06646445931043155,-0.49501481088514665,0.4417241163496959,46.76,98.93543559206864,1447.0228847727165
7.011743770287882,72.80692649881216,1.1683054476129513,-0.2967669402195756,0.4284607370890412,0.007858232895830985,-0.5487247869587211,-0.5100511195162718,0.5856014000991812,-0.009655170977261873,0.8301873467995529,0.8907436677500356,0.06646445931043155,-0.49501481088514665,0.4417241163496959,46.76,98.93543559206864,1476.513372088146
7.1209665097661095,72.13088441679827,1.1907400169240316,-0.2967669402195756,0.4284607370890412,0.007858232895830985,-0.5487247869587211,-0.5100511195162718,0.5856014000991812,-0.009655170977261873,0.8301873467995529,0.8907436677500356,0.06646445931043155,-0.49501481088514665,0.4417241163496959,46.76,98.93543559206864,1488.7561770678321
7.230222323319046,71.66949048487679,1.2102968052554102,-0.2967669402195756,0.4284607370890412,0.007858232895830985,-0.5487247869587211,-0.5100511195162718,0.5856014000991812,-0.009655170977261873,0.8301873467995529,0.8907436677500356,0.06646445931043155,-0.49501481088514665,0.4417241163496959,46.76,98.93543559206864,1499.4285435505622
7.339490537735289,71.14431724299936,1.2176423804439753,-0.2967669402195756,0.4284607370890412,0.007858232895830985,-0.5487247869587211,-0.5100511195162718,0.5856014000991812,-0.009655170977261873,0.8301873467995529,0.8907436677500356,0.06646445931043155,-0.49501481088514665,0.4417241163496959,46.76,98.93543559206864,1503.437109226606
7.44877119034694,70.8324441655307,1.2250210651274824,-0.2967669402195756,0.4284607370890412,0.007858232895830985,-0.5487247869587211,-0.5100511195162718,0.5856014000991812,-0.009655170977261873,0.8301873467995529,0.8907436677500356,0.06646445931043155,-0.49501481088514665,0.4417241163496959,46.76,98.93543559206864,1507.463743138502
7.558059566771896,70.58956843876135,1.2296090065184364,-0.2967669402195756,0.4284607370890412,0.007858232895830985,-0.5487247869587211,-0.5100511195162718,0.5856014000991812,-0.009655170977261873,0.8301873467995529,0.8907436677500356,0.06646445931043155,-0.49501481088514665,0.4417241163496959,46.76,98.93543559206864,1509.9674360299869
7.66661356508777,70.43582775645673,1.233748846125908,-0.2651224724108454,-0.002703114177893484,-0.5468499050750883,-0.2928687065079061,0.3017035732464113,-0.374134209389696,0.5374708943386795,0.5636742067425085,0.7048189658814501,0.8998114803039745,-0.7853541755979117,0.8214507119308054,48.56,89.59531290614713,1487.6664389377174
7.775032696741724,68.33804128941283,1.1401180271060762,-0.2651224724108454,-0.002703114177893484,-0.5468499050750883,-0.2928687065079061,0.3017035732464113,-0.374134209389696,0.5374708943386795,0.5636742067425085,0.7048189658814501,0.8998114803039745,-0.7853541755979117,0.8214507119308054,48.56,89.59531290614713,1423.797157481203
7.883468578985991,69.25384675375628,1.1519573760896542,-0.2651224724108454,-0.002703114177893484,-0.5468499050750883,-0.2928687065079061,0.3017035732464113,-0.374134209389696,0.5374708943386795,0.5636742067425085,0.7048189658814501,0.8998114803039745,-0.7853541755979117,0.8214507119308054,48.56,89.59531290614713,1431.8732452524087
7.9918740757335005,69.11397710274551,1.130419936415382,-0.2651224724108454,-0.002703114177893484,-0.5468499050750883,-0.2928687065079061,0.3017035732464113,-0.374134209389696,0.5374708943386795,0.5636742067425085,0.7048189658814501,0.8998114803039745,-0.7853541755979117,0.8214507119308054,48.56,89.59531290614713,1417.1817066029664
8.100288161856913,69.59819234011806,1.1365358877109353,-0.2651224724108454,-0.002703114177893484,-0.5468499050750883,-0.2928687065079061,0.3017035732464113,-0.374134209389696,0.5374708943386795,0.5636742067425085,0.7048189658814501,0.8998114803039745,-0.7853541755979117,0.8214507119308054,48.56,89.59531290614713,1421.3536386522555
8.208695118029224,69.65672292476725,1.1314607044109732,-0.2651224724108454,-0.002703114177893484,-0.5468499050750883,-0.2928687065079061,0.3017035732464113,-0.374134209389696,0.5374708943386795,0.5636742067425085,0.7048189658814501,0.8998114803039745,-0.7853541755979117,0.8214507119308054,48.56,89.59531290614713,1417.8916555784983
8.317098196012772,69.73892107161949,1.1286936754709356,-0.2651224724108454,-0.002703114177893484,-0.5468499050750883,-0.2928687065079061,0.3017035732464113,-0.374134209389696,0.5374708943386795,0.5636742067425085,0.7048189658814501,0.8998114803039745,-0.7853541755979117,0.8214507119308054,48.56,89.59531290614713,1416.0041557999034
8.425497226337917,69.78525027481994,1.1258004137619033,-0.2651224724108454,-0.002703114177893484,-0.5468499050750883,-0.2928687065079061,0.3017035732464113,-0.374134209389696,0.5374708943386795,0.5636742067425085,0.7048189658814501,0.8998114803039745,-0.7853541755979117,0.8214507119308054,48.56,89.59531290614713,1414.0305476615147
8.533893002474576,69.82438058500958,1.1234703912068111,-0.2651224724108454,-0.002703114177893484,-0.5468499050750883,-0.2928687065079061,0.3017035732464113,-0.374134209389696,0.5374708943386795,0.5636742067425085,0.7048189658814501,0.8998114803039745,-0.7853541755979117,0.8214507119308054,48.56,89.59531290614713,1412.4411472063111
8.64228634244502,69.85964152968785,1.1217238314247553,-0.2651224724108454,-0.002703114177893484,-0.5468499050750883,-0.2928687065079061,0.3017035732464113,-0.374134209389696,0.5374708943386795,0.5636742067425085,0.7048189658814501,0.8998114803039745,-0.7853541755979117,0.8214507119308054,48.56,89.59531290614713,1411.2497497640104
8.750471223231267,69.88820102649477,1.120346380115874,-0.3278896761750276,0.652760853629289,0.7962012702396937,-0.9145693913273338,-0.6084100018224072,-0.41099735608579113,0.253999761143858,-0.8275537897544958,-0.7141099603755807,0.0316530384618634,0.37868265931659617,0.7132516215797775,49.1,92.46719912601736,1216.7388154341247
8.858812028740628,72.10435460737364,1.2261384318285473,-0.3278896761750276,0.652760853629289,0.7962012702396937,-0.9145693913273338,-0.6084100018224072,-0.41099735608579113,0.253999761143858,-0.8275537897544958,-0.7141099603755807,0.0316530384618634,0.37868265931659617,0.7132516215797775,49.1,92.46719912601736,1303.3367420241
8.967306935123394,73.10534533102076,1.3164368611842723,-0.3278896761750276,0.652760853629289,0.7962012702396937,-0.9145693913273338,-0.6084100018224072,-0.41099735608579113,0.253999761143858,-0.8275537897544958,-0.7141099603755807,0.0316530384618634,0.37868265931659617,0.7132516215797775,49.1,92.46719912601736,1377.2520941695996
9.075837357392954,72.2857179129422,1.3377618984677118,-0.3278896761750276,0.652760853629289,0.7962012702396937,-0.9145693913273338,-0.6084100018224072,-0.41099735608579113,0.253999761143858,-0.8275537897544958,-0.7141099603755807,0.0316530384618634,0.37868265931659617,0.7132516215797775,49.1,92.46719912601736,1393.3612282873946
9.184319613189617,70.77758507027724,1.3093637117532297,-0.3278896761750276,0.652760853629289,0.7962012702396937,-0.9145693913273338,-0.6084100018224072,-0.41099735608579113,0.253999761143858,-0.8275537897544958,-0.7141099603755807,0.0316530384618634,0.37868265931659617,0.7132516215797775,49.1,92.46719912601736,1371.4622445044006
9.29280448036148,70.49281573698639,1.3108277425059227,-0.3278896761750276,0.652760853629289,0.7962012702396937,-0.9145693913273338,-0.6084100018224072,-0.41099735608579113,0.253999761143858,-0.8275537897544958,-0.7141099603755807,0.0316530384618634,0.37868265931659617,0.7132516215797775,49.1,92.46719912601736,1372.6606523771536
9.401306866172124,70.49374681454378,1.3205961692044181,-0.3278896761750276,0.652760853629289,0.7962012702396937,-0.9145693913273338,-0.6084100018224072,-0.41099735608579113,0.253999761143858,-0.8275537897544958,-0.7141099603755807,0.0316530384618634,0.37868265931659617,0.7132516215797775,49.1,92.46719912601736,1380.656768195319
9.509818808012021,70.40241814258904,1.3258869550970294,-0.3278896761750276,0.652760853629289,0.7962012702396937,-0.9145693913273338,-0.6084100018224072,-0.41099735608579113,0.253999761143858,-0.8275537897544958,-0.7141099603755807,0.0316530384618634,0.37868265931659617,0.7132516215797775,49.1,92.46719912601736,1384.9876331413548
9.618334910916817,70.28788547055858,1.328245084106313,-0.3278896761750276,0.652760853629289,0.7962012702396937,-0.9145693913273338,-0.6084100018224072,-0.41099735608579113,0.253999761143858,-0.8275537897544958,-0.7141099603755807,0.0316530384618634,0.37868265931659617,0.7132516215797775,49.1,92.46719912601736,1386.8694331564684
9.72685446074345,70.21855472544205,1.3305463146980319,-0.3278896761750276,0.652760853629289,0.7962012702396937,-0.9145693913273338,-0.6084100018224072,-0.41099735608579113,0.253999761143858,-0.8275537897544958,-0.7141099603755807,0.0316530384618634,0.37868265931659617,0.7132516215797775,49.1,92.46719912601736,1388.4391934757464
9.835527622032021,70.18654062571117,1.3332981961768378,0.29472336664422216,0.16323735106147974,0.4222319101969194,-0.49516628590695033,0.8003193669652151,-0.1154126141874321,-0.958958350686576,0.9193220279936316,0.30445084489545104,0.026412500209347378,0.36471276627540794,-0.020919218741657808,55.04,89.60709612555206,1529.6940086365864
9.9441668238123,68.48804700480737,1.254207419465096,0.29472336664422216,0.16323735106147974,0.4222319101969194,-0.49516628590695033,0.8003193669652151,-0.1154126141874321,-0.958958350686576,0.9193220279936316,0.30445084489545104,0.026412500209347378,0.36471276627540794,-0.020919218741657808,55.04,89.60709612555206,1508.1136310160655
10.052795422240305,68.565457142143,1.2281495619153513,0.29472336664422216,0.16323735106147974,0.4222319101969194,-0.49516628590695033,0.8003193669652151,-0.1154126141874321,-0.958958350686576,0.9193220279936316,0.30445084489545104,0.026412500209347378,0.36471276627540794,-0.020919218741657808,55.04,89.60709612555206,1501.0035932937813
10.161401069442215,67.91712696174034,1.1682521309656204,0.29472336664422216,0.16323735106147974,0.4222319101969194,-0.49516628590695033,0.8003193669652151,-0.1154126141874321,-0.958958350686576,0.9193220279936316,0.30445084489545104,0.026412500209347378,0.36471276627540794,-0.020919218741657808,55.04,89.60709612555206,1484.660231499455
10.269995181642333,68.04343851097046,1.1333133220901401,0.29472336664422216,0.16323735106147974,0.4222319101969194,-0.49516628590695033,0.8003193669652151,-0.1154126141874321,-0.958958350686576,0.9193220279936316,0.30445084489545104,0.026412500209347378,0.36471276627540794,-0.020919218741657808,55.04,89.60709612555206,1475.1269746458509
10.378574548461218,68.14781473528137,1.0997976342568045,0.29472336664422216,0.16323735106147974,0.4222319101969194,-0.49516628590695033,0.8003193669652151,-0.1154126141874321,-0.958958350686576,0.9193220279936316,0.30445084489545104,0.026412500209347378,0.36471276627540794,-0.020919218741657808,55.04,89.60709612555206,1463.851705664425
10.487134767628703,68.22891635228966,1.0672070264260471,0.29472336664422216,0.16323735106147974,0.4222319101969194,-0.49516628590695033,0.8003193669652151,-0.1154126141874321,-0.958958350686576,0.9193220279936316,0.30445084489545104,0.026412500209347378,0.36471276627540794,-0.020919218741657808,55.04,89.60709612555206,1450.512900816799
10.595677621427747,68.32996230796448,1.0371884497396828,0.29472336664422216,0.16323735106147974,0.4222319101969194,-0.49516628590695033,0.8003193669652151,-0.1154126141874321,-0.958958350686576,0.9193220279936316,0.30445084489545104,0.026412500209347378,0.36471276627540794,-0.020919218741657808,55.04,89.60709612555206,1438.226786415305
10.704201669665997,68.44249443139577,1.0097232134974963,0.29472336664422216,0.16323735106147974,0.4222319101969194,-0.49516628590695033,0.8003193669652151,-0.1154126141874321,-0.958958350686576,0.9193220279936316,0.30445084489545104,0.026412500209347378,0.36471276627540794,-0.020919218741657808,55.04,89.60709612555206,1425.4582651438475
10.812703879008584,68.54364686604322,0.983923634080242,0.29472336664422216,0.16323735106147974,0.4222319101969194,-0.49516628590695033,0.8003193669652151,-0.1154126141874321,-0.958958350686576,0.9193220279936316,0.30445084489545104,0.026412500209347378,0.36471276627540794,-0.020919218741657808,55.04,89.60709612555206,1411.3791350752635
10.92093887081395,68.63556273977521,0.9596696339770864,0.8529803425148643,0.03175954433730088,-0.8556802365261376,0.13501659639812713,0.23048636744748863,0.8830925889392802,-0.16927329055799412,-0.4711200508490332,-0.8052136692684428,-0.028311556243996616,-0.07067427427809392,-0.9404813660177156,56.84,92.43144427813822,1141.6781023920382
11.029212714905805,69.73938395841897,0.9865413607443028,0.8529803425148643,0.03175954433730088,-0.8556802365261376,0.13501659639812713,0.23048636744748863,0.8830925889392802,-0.16927329055799412,-0.4711200508490332,-0.8052136692684428,-0.028311556243996616,-0.07067427427809392,-0.9404813660177156,56.84,92.43144427813822,1168.5097749436084
11.137522216698306,70.37951155393438,1.0125942693896888,0.8529803425148643,0.03175954433730088,-0.8556802365261376,0.13501659639812713,0.23048636744748863,0.8830925889392802,-0.16927329055799412,-0.4711200508490332,-0.8052136692684428,-0.028311556243996616,-0.07067427427809392,-0.9404813660177156,56.84,92.43144427813822,1193.3901807910975
11.245912433284428,71.6825480921329,1.0835815736922503,0.8529803425148643,0.03175954433730088,-0.8556802365261376,0.13501659639812713,0.23048636744748863,0.8830925889392802,-0.16927329055799412,-0.4711200508490332,-0.8052136692684428,-0.028311556243996616,-0.07067427427809392,-0.9404813660177156,56.84,92.43144427813822,1251.8814358615925
11.354341369674765,71.90237191832304,1.1274900356815094,0.8529803425148643,0.03175954433730088,-0.8556802365261376,0.13501659639812713,0.23048636744748863,0.8830925889392802,-0.16927329055799412,-0.4711200508490332,-0.8052136692684428,-0.028311556243996616,-0.07067427427809392,-0.9404813660177156,56.84,92.43144427813822,1281.83313281856
11.462802578658154,71.81572940832652,1.1608007863975731,0.8529803425148643,0.03175954433730088,-0.8556802365261376,0.13501659639812713,0.23048636744748863,0.8830925889392802,-0.16927329055799412,-0.4711200508490332,-0.8052136692684428,-0.028311556243996616,-0.07067427427809392,-0.9404813660177156,56.84,92.43144427813822,1304.5557121496395
11.571288038256204,71.70227737259991,1.1910956314857175,0.8529803425148643,0.03175954433730088,-0.8556802365261376,0.13501659639812713,0.23048636744748863,0.8830925889392802,-0.16927329055799412,-0.4711200508490332,-0.8052136692684428,-0.028311556243996616,-0.07067427427809392,-0.9404813660177156,56.84,92.43144427813822,1322.2438468685598
11.679793294659646,71.54065107888121,1.2168044818512924,0.8529803425148643,0.03175954433730088,-0.8556802365261376,0.13501659639812713,0.23048636744748863,0.8830925889392802,-0.16927329055799412,-0.4711200508490332,-0.8052136692684428,-0.028311556243996616,-0.07067427427809392,-0.9404813660177156,56.84,92.43144427813822,1336.2734650401112
11.7883199886564,71.44543166154509,1.2425606574101793,0.8529803425148643,0.03175954433730088,-0.8556802365261376,0.13501659639812713,0.23048636744748863,0.8830925889392802,-0.16927329055799412,-0.4711200508490332,-0.8052136692684428,-0.028311556243996616,-0.07067427427809392,-0.9404813660177156,56.84,92.43144427813822,1350.3289091191855
11.896868372374044,71.35722391146638,1.2667798859428094,0.8529803425148643,0.03175954433730088,-0.8556802365261376,0.13501659639812713,0.23048636744748863,0.8830925889392802,-0.16927329055799412,-0.4711200508490332,-0.8052136692684428,-0.028311556243996616,-0.07067427427809392,-0.9404813660177156,56.84,92.43144427813822,1363.545623359248
12.005989320555926,71.24200270904333,1.287942389529079,0.388554923714751,0.433894224730452,0.4596228465823389,-0.1712979656209086,-0.969802310411682,0.8179503149682945,0.57875743622072,-0.6696016616736469,-0.374428077347458,0.2218906116391921,-0.27101942656228184,-0.687922821597001,60.8,98.83920208218464,1425.6735896604157
12.115233341244164,72.51641240279717,1.3745512462722598,0.388554923714751,0.433894224730452,0.4596228465823389,-0.1712979656209086,-0.969802310411682,0.8179503149682945,0.57875743622072,-0.6696016616736469,-0.374428077347458,0.2218906116391921,-0.27101942656228184,-0.687922821597001,60.8,98.83920208218464,1472.920244795236
12.224554822150129,72.90441853651555,1.4431073864139252,0.388554923714751,0.433894224730452,0.4596228465823389,-0.1712979656209086,-0.969802310411682,0.8179503149682945,0.57875743622072,-0.6696016616736469,-0.374428077347458,0.2218906116391921,-0.27101942656228184,-0.687922821597001,60.8,98.83920208218464,1500.979156098914
12.333890915884147,71.98401243181344,1.4555570638409887,0.388554923714751,0.433894224730452,0.4596228465823389,-0.1712979656209086,-0.969802310411682,0.8179503149682945,0.57875743622072,-0.6696016616736469,-0.374428077347458,0.2218906116391921,-0.27101942656228184,-0.687922821597001,60.8,98.83920208218464,1506.074606250622
12.443255239861935,71.66777326361174,1.4792898231324974,0.388554923714751,0.433894224730452,0.4596228465823389,-0.1712979656209086,-0.969802310411682,0.8179503149682945,0.57875743622072,-0.6696016616736469,-0.374428077347458,0.2218906116391921,-0.27101942656228184,-0.687922821597001,60.8,98.83920208218464,1515.7880379954067
12.552649937955827,71.50937220779558,1.504475094100707,0.388554923714751,0.433894224730452,0.4596228465823389,-0.1712979656209086,-0.969802310411682,0.8179503149682945,0.57875743622072,-0.6696016616736469,-0.374428077347458,0.2218906116391921,-0.27101942656228184,-0.687922821597001,60.8,98.83920208218464,1526.0959591064236
12.662065989018082,71.258930097522,1.522049823772587,0.388554923714751,0.433894224730452,0.4596228465823389,-0.1712979656209086,-0.969802310411682,0.8179503149682945,0.57875743622072,-0.6696016616736469,-0.374428077347458,0.2218906116391921,-0.27101942656228184,-0.687922821597001,60.8,98.83920208218464,1533.289009649094
12.771497384512257,71.00757513529534,1.5346389476448283,0.388554923714751,0.433894224730452,0.4596228465823389,-0.1712979656209086,-0.969802310411682,0.8179503149682945,0.57875743622072,-0.6696016616736469,-0.374428077347458,0.2218906116391921,-0.27101942656228184,-0.687922821597001,60.8,98.83920208218464,1538.4415329590745
12.880941391520425,70.81165581508536,1.5449704355039846,0.388554923714751,0.433894224730452,0.4596228465823389,-0.1712979656209086,-0.969802310411682,0.8179503149682945,0.57875743622072,-0.6696016616736469,-0.374428077347458,0.2218906116391921,-0.27101942656228184,-0.687922821597001,60.8,98.83920208218464,1542.6700426283187
12.990395780455618,70.65744641814436,1.5534691269537149,0.388554923714751,0.433894224730452,0.4596228465823389,-0.1712979656209086,-0.969802310411682,0.8179503149682945,0.57875743622072,-0.6696016616736469,-0.374428077347458,0.2218906116391921,-0.27101942656228184,-0.687922821597001,60.8,98.83920208218464,1546.148418585491
13.09817165798533,70.52950510228862,1.560205428484232,-0.6453923731508964,0.7357793420940921,-0.419810663111013,0.17035924262932278,-0.09201024818106207,-0.1776437356549223,0.7652688903536835,0.38541602958949794,-0.44145328960849906,-0.871119537629433,-0.6027527724823021,0.8633654894059115,63.5,70.2516489382466,1577.2909544700265
13.205739802697241,64.69952175569901,1.2865450641752156,-0.6453923731508964,0.7357793420940921,-0.419810663111013,0.17035924262932278,-0.09201024818106207,-0.1776437356549223,0.7652688903536835,0.38541602958949794,-0.44145328960849906,-0.871119537629433,-0.6027527724823021,0.8633654894059115,63.5,70.2516489382466,1425.9712750455433
13.313178465503185,63.674192136544775,1.1320023347121169,-0.6453923731508964,0.7357793420940921,-0.419810663111013,0.17035924262932278,-0.09201024818106207,-0.1776437356549223,0.7652688903536835,0.38541602958949794,-0.44145328960849906,-0.871119537629433,-0.6027527724823021,0.8633654894059115,63.5,70.2516489382466,1314.324811934934
13.420505188370514,63.726904714489685,1.0097655217179007,-0.6453923731508964,0.7357793420940921,-0.419810663111013,0.17035924262932278,-0.09201024818106207,-0.1776437356549223,0.7652688903536835,0.38541602958949794,-0.44145328960849906,-0.871119537629433,-0.6027527724823021,0.8633654894059115,63.5,70.2516489382466,1203.0452640061585
13.52775723750339,64.35946077466456,0.9168256921981625,-0.6453923731508964,0.7357793420940921,-0.419810663111013,0.17035924262932278,-0.09201024818106207,-0.1776437356549223,0.7652688903536835,0.38541602958949794,-0.44145328960849906,-0.871119537629433,-0.6027527724823021,0.8633654894059115,63.5,70.2516489382466,1114.288161706294
13.634956294999537,65.04198149839576,0.838800818132546,-0.6453923731508964,0.7357793420940921,-0.419810663111013,0.17035924262932278,-0.09201024818106207,-0.1776437356549223,0.7652688903536835,0.38541602958949794,-0.44145328960849906,-0.871119537629433,-0.6027527724823021,0.8633654894059115,63.5,70.2516489382466,1044.1839472011761
13.742104450700133,65.53197841425488,0.7648597114802788,-0.6453923731508964,0.7357793420940921,-0.419810663111013,0.17035924262932278,-0.09201024818106207,-0.1776437356549223,0.7652688903536835,0.38541602958949794,-0.44145328960849906,-0.871119537629433,-0.6027527724823021,0.8633654894059115,63.5,70.2516489382466,974.8202242201302
13.849210548820663,65.93014830686688,0.6961111210491985,-0.6453923731508964,0.7357793420940921,-0.419810663111013,0.17035924262932278,-0.09201024818106207,-0.1776437356549223,0.7652688903536835,0.38541602958949794,-0.44145328960849906,-0.871119537629433,-0.6027527724823021,0.8633654894059115,63.5,70.2516489382466,909.1656420523526
13.956281184818287,66.25966033639574,0.6318724187919476,-0.6453923731508964,0.7357793420940921,-0.419810663111013,0.17035924262932278,-0.09201024818106207,-0.1776437356549223,0.7652688903536835,0.38541602958949794,-0.44145328960849906,-0.871119537629433,-0.6027527724823021,0.8633654894059115,63.5,70.2516489382466,849.662481008859
14.06331671644646,66.5578689844726,0.5726093751228762,-0.6453923731508964,0.7357793420940921,-0.419810663111013,0.17035924262932278,-0.09201024818106207,-0.1776437356549223,0.7652688903536835,0.38541602958949794,-0.44145328960849906,-0.871119537629433,-0.6027527724823021,0.8633654894059115,63.5,70.2516489382466,799.5375788612201
14.170764529383922,66.74335198764076,0.5137365098824997,0.7088271355613809,0.9094694691218503,-0.8954933035136541,0.15894336118186803,-0.03900746670174127,-0.9565820420488715,-0.2527590725312101,-0.1718163976468816,0.20781446782800872,0.343497454710475,0.6777314008766329,0.559052416637748,69.08,78.96111141308145,999.8925711412263
14.278164607186952,67.13376168726823,0.46850965517893645,0.7088271355613809,0.9094694691218503,-0.8954933035136541,0.15894336118186803,-0.03900746670174127,-0.9565820420488715,-0.2527590725312101,-0.1718163976468816,0.20781446782800872,0.343497454710475,0.6777314008766329,0.559052416637748,69.08,78.96111141308145,962.8713414731238
14.38565443865962,69.97925504714068,0.5506267868960506,0.7088271355613809,0.9094694691218503,-0.8954933035136541,0.15894336118186803,-0.03900746670174127,-0.9565820420488715,-0.2527590725312101,-0.1718163976468816,0.20781446782800872,0.343497454710475,0.6777314008766329,0.559052416637748,69.08,78.96111141308145,1030.0897499366597
14.49312427128916,69.63346615419611,0.5333664813563663,0.7088271355613809,0.9094694691218503,-0.8954933035136541,0.15894336118186803,-0.03900746670174127,-0.9565820420488715,-0.2527590725312101,-0.1718163976468816,0.20781446782800872,0.343497454710475,0.6777314008766329,0.559052416637748,69.08,78.96111141308145,1015.9610262012917
14.600567602831722,69.29527711115684,0.5096542586807395,0.7088271355613809,0.9094694691218503,-0.8954933035136541,0.15894336118186803,-0.03900746670174127,-0.9565820420488715,-0.2527590725312101,-0.1718163976468816,0.20781446782800872,0.343497454710475,0.6777314008766329,0.559052416637748,69.08,78.96111141308145,996.5509733163537
14.707988573408254,69.15267487272554,0.4888010583465015,0.7088271355613809,0.9094694691218503,-0.8954933035136541,0.15894336118186803,-0.03900746670174127,-0.9565820420488715,-0.2527590725312101,-0.1718163976468816,0.20781446782800872,0.343497454710475,0.6777314008766329,0.559052416637748,69.08,78.96111141308145,979.4812229667245
14.815399088931624,69.28949075538262,0.4787510035907356,0.7088271355613809,0.9094694691218503,-0.8954933035136541,0.15894336118186803,-0.03900746670174127,-0.9565820420488715,-0.2527590725312101,-0.1718163976468816,0.20781446782800872,0.343497454710475,0.6777314008766329,0.559052416637748,69.08,78.96111141308145,971.2545755969506
14.922802761565944,69.43986766467052,0.47206112755175017,0.7088271355613809,0.9094694691218503,-0.8954933035136541,0.15894336118186803,-0.03900746670174127,-0.9565820420488715,-0.2527590725312101,-0.1718163976468816,0.20781446782800872,0.343497454710475,0.6777314008766329,0.559052416637748,69.08,78.96111141308145,965.7784610425839
15.030200541114134,69.54689006732285,0.46622537075578396,0.7088271355613809,0.9094694691218503,-0.8954933035136541,0.15894336118186803,-0.03900746670174127,-0.9565820420488715,-0.2527590725312101,-0.1718163976468816,0.20781446782800872,0.343497454710475,0.6777314008766329,0.559052416637748,69.08,78.96111141308145,961.0015006714344
15.137592568467769,69.6120268592239,0.46045994885176583,0.7088271355613809,0.9094694691218503,-0.8954933035136541,0.15894336118186803,-0.03900746670174127,-0.9565820420488715,-0.2527590725312101,-0.1718163976468816,0.20781446782800872,0.343497454710475,0.6777314008766329,0.559052416637748,69.08,78.96111141308145,956.2821141511654
15.245849527575917,69.65938697491012,0.45511335464765656,-0.19859791191753762,0.589058462779366,0.786248620795206,-0.475020618282217,0.9783940147562118,0.7066141980314757,0.46295431207551396,-0.2888687505872929,0.7665789814146731,0.7359181816541707,0.9115328916672758,-0.999785486960526,66.02,89.6923354924681,1137.9216339053194
15.35418426394324,73.98346885638698,0.6591147540460485,-0.19859791191753762,0.589058462779366,0.786248620795206,-0.475020618282217,0.9783940147562118,0.7066141980314757,0.46295431207551396,-0.2888687505872929,0.7665789814146731,0.7359181816541707,0.9115328916672758,-0.999785486960526,66.02,89.6923354924681,1229.8780334500461
15.462517134855805,72.26831330494043,0.6541238508295297,-0.19859791191753762,0.589058462779366,0.786248620795206,-0.475020618282217,0.9783940147562118,0.7066141980314757,0.46295431207551396,-0.2888687505872929,0.7665789814146731,0.7359181816541707,0.9115328916672758,-0.999785486960526,66.02,89.6923354924681,1227.8353380709282
15.570857946332614,71.76540942272702,0.6743691883207645,-0.19859791191753762,0.589058462779366,0.786248620795206,-0.475020618282217,0.9783940147562118,0.7066141980314757,0.46295431207551396,-0.2888687505872929,0.7665789814146731,0.7359181816541707,0.9115328916672758,-0.999785486960526,66.02,89.6923354924681,1236.1214248868682
15.679219712641423,71.92305230374899,0.7168822630112641,-0.19859791191753762,0.589058462779366,0.786248620795206,-0.475020618282217,0.9783940147562118,0.7066141980314757,0.46295431207551396,-0.2888687505872929,0.7665789814146731,0.7359181816541707,0.9115328916672758,-0.999785486960526,66.02,89.6923354924681,1253.5213337720884
15.787608189320233,72.07464419134627,0.7622106898330185,-0.19859791191753762,0.589058462779366,0.786248620795206,-0.475020618282217,0.9783940147562118,0.7066141980314757,0.46295431207551396,-0.2888687505872929,0.7665789814146731,0.7359181816541707,0.9115328916672758,-0.999785486960526,66.02,89.6923354924681,1272.0735204193916
15.896024018403184,72.06020193636752,0.802438771638779,-0.19859791191753762,0.589058462779366,0.786248620795206,-0.475020618282217,0.9783940147562118,0.7066141980314757,0.46295431207551396,-0.2888687505872929,0.7665789814146731,0.7359181816541707,0.9115328916672758,-0.999785486960526,66.02,89.6923354924681,1288.5382189419813
16.00446468402246,71.90395624301742,0.8354715354671293,-0.19859791191753762,0.589058462779366,0.786248620795206,-0.475020618282217,0.9783940147562118,0.7066141980314757,0.46295431207551396,-0.2888687505872929,0.7665789814146731,0.7359181816541707,0.9115328916672758,-0.999785486960526,66.02,89.6923354924681,1302.0579910362055
16.112927143051817,71.6879521707773,0.8625094847313513,-0.19859791191753762,0.589058462779366,0.786248620795206,-0.475020618282217,0.9783940147562118,0.7066141980314757,0.46295431207551396,-0.2888687505872929,0.7665789814146731,0.7359181816541707,0.9115328916672758,-0.999785486960526,66.02,89.6923354924681,1313.1241831915756
16.22140845247173,71.46114055244762,0.8847590874866375,-0.19859791191753762,0.589058462779366,0.786248620795206,-0.475020618282217,0.9783940147562118,0.7066141980314757,0.46295431207551396,-0.2888687505872929,0.7665789814146731,0.7359181816541707,0.9115328916672758,-0.999785486960526,66.02,89.6923354924681,1322.2305831283659
16.329464518756538,71.24661759239106,0.9031326416119656,-0.9669179161620507,-0.3718598854825119,0.9906323491854314,-0.7023115536880189,-0.6652457625829913,0.5171440738358386,-0.8609406676913538,0.4109468771925411,-0.06166943644180889,-0.9796235677493743,0.5496477257325241,0.588402016720948,71.6,94.29437657622805,935.0271737848497
16.437936546997477,78.14360011809306,1.2638322837251987,-0.9669179161620507,-0.3718598854825119,0.9906323491854314,-0.7023115536880189,-0.6652457625829913,0.5171440738358386,-0.8609406676913538,0.4109468771925411,-0.06166943644180889,-0.9796235677493743,0.5496477257325241,0.588402016720948,71.6,94.29437657622805,1232.7754029820794
16.546685795040283,78.14600842492773,1.4246195519665972,-0.9669179161620507,-0.3718598854825119,0.9906323491854314,-0.7023115536880189,-0.6652457625829913,0.5171440738358386,-0.8609406676913538,0.4109468771925411,-0.06166943644180889,-0.9796235677493743,0.5496477257325241,0.588402016720948,71.6,94.29437657622805,1357.1927312958328
16.65565923951315,77.28915740702362,1.5435808307941208,-0.9669179161620507,-0.3718598854825119,0.9906323491854314,-0.7023115536880189,-0.6652457625829913,0.5171440738358386,-0.8609406676913538,0.4109468771925411,-0.06166943644180889,-0.9796235677493743,0.5496477257325241,0.588402016720948,71.6,94.29437657622805,1438.340920315227
16.764722204989518,75.24660455749854,1.5878550582239677,-0.9669179161620507,-0.3718598854825119,0.9906323491854314,-0.7023115536880189,-0.6652457625829913,0.5171440738358386,-0.8609406676913538,0.4109468771925411,-0.06166943644180889,-0.9796235677493743,0.5496477257325241,0.588402016720948,71.6,94.29437657622805,1468.5421203323679
16.87385239808278,73.79538394944443,1.620647408725111,-0.9669179161620507,-0.3718598854825119,0.9906323491854314,-0.7023115536880189,-0.6652457625829913,0.5171440738358386,-0.8609406676913538,0.4109468771925411,-0.06166943644180889,-0.9796235677493743,0.5496477257325241,0.588402016720948,71.6,94.29437657622805,1490.9110783923693
16.98302817550844,72.71334710818019,1.6427988661921247,-0.9669179161620507,-0.3718598854825119,0.9906323491854314,-0.7023115536880189,-0.6652457625829913,0.5171440738358386,-0.8609406676913538,0.4109468771925411,-0.06166943644180889,-0.9796235677493743,0.5496477257325241,0.588402016720948,71.6,94.29437657622805,1506.0214628410308
17.092241824739464,71.99235850263264,1.6611968142091218,-0.9669179161620507,-0.3718598854825119,0.9906323491854314,-0.7023115536880189,-0.6652457625829913,0.5171440738358386,-0.8609406676913538,0.4109468771925411,-0.06166943644180889,-0.9796235677493743,0.5496477257325241,0.588402016720948,71.6,94.29437657622805,1518.5714301746607
17.201480770989143,71.47815752519266,1.6754471450033677,-0.9669179161620507,-0.3718598854825119,0.9906323491854314,-0.7023115536880189,-0.6652457625829913,0.5171440738358386,-0.8609406676913538,0.4109468771925411,-0.06166943644180889,-0.9796235677493743,0.5496477257325241,0.588402016720948,71.6,94.29437657622805,1526.9003906974822
17.310740057667644,71.13070013699377,1.6876782642947563,-0.9669179161620507,-0.3718598854825119,0.9906323491854314,-0.7023115536880189,-0.6652457625829913,0.5171440738358386,-0.8609406676913538,0.4109468771925411,-0.06166943644180889,-0.9796235677493743,0.5496477257325241,0.588402016720948,71.6,94.29437657622805,1533.5750545205933
17.420252637864394,70.87122802500286,1.6973418976967711,-0.7008610965082689,-0.9525927364198221,0.5241275417887798,-0.5526596402133113,-0.4756512044697716,-0.08626099444901025,-0.5001461629859636,0.13656712318149355,0.6938859938204875,-0.2438009259408589,-0.13506976713592667,0.6652383525482228,70.34,96.1652774117285,1601.831381950281
17.529722052106262,69.43383124757516,1.6444835192633687,-0.7008610965082689,-0.9525927364198221,0.5241275417887798,-0.5526596402133113,-0.4756512044697716,-0.08626099444901025,-0.5001461629859636,0.13656712318149355,0.6938859938204875,-0.2438009259408589,-0.13506976713592667,0.6652383525482228,70.34,96.1652774117285,1587.4086665032107
17.639189566370113,69.61560487006525,1.6421714497319964,-0.7008610965082689,-0.9525927364198221,0.5241275417887798,-0.5526596402133113,-0.4756512044697716,-0.08626099444901025,-0.5001461629859636,0.13656712318149355,0.6938859938204875,-0.2438009259408589,-0.13506976713592667,0.6652383525482228,70.34,96.1652774117285,1586.777804907885
17.748637351687282,69.27901656085156,1.6181848383185824,-0.7008610965082689,-0.9525927364198221,0.5241275417887798,-0.5526596402133113,-0.4756512044697716,-0.08626099444901025,-0.5001461629859636,0.13656712318149355,0.6938859938204875,-0.2438009259408589,-0.13506976713592667,0.6652383525482228,70.34,96.1652774117285,1580.2329187193882
17.858081327924555,69.47590649003385,1.613554987453778,-0.7008610965082689,-0.9525927364198221,0.5241275417887798,-0.5526596402133113,-0.4756512044697716,-0.08626099444901025,-0.5001461629859636,0.13656712318149355,0.6938859938204875,-0.2438009259408589,-0.13506976713592667,0.6652383525482228,70.34,96.1652774117285,1578.9696370303825
17.96751997339939,69.55510534226909,1.6070743621583556,-0.7008610965082689,-0.9525927364198221,0.5241275417887798,-0.5526596402133113,-0.4756512044697716,-0.08626099444901025,-0.5001461629859636,0.13656712318149355,0.6938859938204875,-0.2438009259408589,-0.13506976713592667,0.6652383525482228,70.34,96.1652774117285,1577.2013607925344
18.07695499468602,69.64479432230796,1.6026675037629783,-0.7008610965082689,-0.9525927364198221,0.5241275417887798,-0.5526596402133113,-0.4756512044697716,-0.08626099444901025,-0.5001461629859636,0.13656712318149355,0.6938859938204875,-0.2438009259408589,-0.13506976713592667,0.6652383525482228,70.34,96.1652774117285,1575.9989238934884
18.186386598800418,69.70331214860366,1.5985111368091518,-0.7008610965082689,-0.9525927364198221,0.5241275417887798,-0.5526596402133113,-0.4756512044697716,-0.08626099444901025,-0.5001461629859636,0.13656712318149355,0.6938859938204875,-0.2438009259408589,-0.13506976713592667,0.6652383525482228,70.34,96.1652774117285,1574.864835038603
18.295815446597512,69.75461370742423,1.5951576388739959,-0.7008610965082689,-0.9525927364198221,0.5241275417887798,-0.5526596402133113,-0.4756512044697716,-0.08626099444901025,-0.5001461629859636,0.13656712318149355,0.6938859938204875,-0.2438009259408589,-0.13506976713592667,0.6652383525482228,70.34,96.1652774117285,1573.9498136568548
18.405241919595095,69.79465479554257,1.592267553462572,-0.7008610965082689,-0.9525927364198221,0.5241275417887798,-0.5526596402133113,-0.4756512044697716,-0.08626099444901025,-0.5001461629859636,0.13656712318149355,0.6938859938204875,-0.2438009259408589,-0.13506976713592667,0.6652383525482228,70.34,96.1652774117285,1573.161237072743
18.514811807248147,69.8283040321493,1.5898559740815517,-0.2577361286116122,-0.9188934561476756,0.1093429719439738,-0.09750751437815963,0.4506019534534622,-0.24309895537080872,0.6813249914178128,-0.06137061283275136,0.12528685802434736,0.32239867849011805,-0.07551626495065733,0.24727389097743302,57.379999999999995,98.9394279211579,1592.24494184648
18.624360500110157,68.85582689872157,1.5390776377405198,-0.2577361286116122,-0.9188934561476756,0.1093429719439738,-0.09750751437815963,0.4506019534534622,-0.24309895537080872,0.6813249914178128,-0.06137061283275136,0.12528685802434736,0.32239867849011805,-0.07551626495065733,0.24727389097743302,57.379999999999995,98.9394279211579,1585.3173599036757
18.733902098910725,68.96250681825434,1.5217023050975316,-0.2577361286116122,-0.9188934561476756,0.1093429719439738,-0.09750751437815963,0.4506019534534622,-0.24309895537080872,0.6813249914178128,-0.06137061283275136,0.12528685802434736,0.32239867849011805,-0.07551626495065733,0.24727389097743302,57.379999999999995,98.9394279211579,1582.9468797079603
18.843436108642088,68.99405839558538,1.502770562452385,-0.2577361286116122,-0.9188934561476756,0.1093429719439738,-0.09750751437815963,0.4506019534534622,-0.24309895537080872,0.6813249914178128,-0.06137061283275136,0.12528685802434736,0.32239867849011805,-0.07551626495065733,0.24727389097743302,57.379999999999995,98.9394279211579,1580.3640617595045
18.952963099805817,69.03341978959295,1.4848419082532933,-0.2577361286116122,-0.9188934561476756,0.1093429719439738,-0.09750751437815963,0.4506019534534622,-0.24309895537080872,0.6813249914178128,-0.06137061283275136,0.12528685802434736,0.32239867849011805,-0.07551626495065733,0.24727389097743302,57.379999999999995,98.9394279211579,1577.9180930642274
19.062483547629704,69.071959586284,1.467649800136214,-0.2577361286116122,-0.9188934561476756,0.1093429719439738,-0.09750751437815963,0.4506019534534622,-0.24309895537080872,0.6813249914178128,-0.06137061283275136,0.12528685802434736,0.32239867849011805,-0.07551626495065733,0.24727389097743302,57.379999999999995,98.9394279211579,1575.5726098063528
19.17199791629467,69.10903777595774,1.4511468393099238,-0.2577361286116122,-0.9188934561476756,0.1093429719439738,-0.09750751437815963,0.4506019534534622,-0.24309895537080872,0.6813249914178128,-0.06137061283275136,0.12528685802434736,0.32239867849011805,-0.07551626495065733,0.24727389097743302,57.379999999999995,98.9394279211579,1573.321145468191
19.28150665183242,69.14408872647697,1.4352766244272885,-0.2577361286116122,-0.9188934561476756,0.1093429719439738,-0.09750751437815963,0.4506019534534622,-0.24309895537080872,0.6813249914178128,-0.06137061283275136,0.12528685802434736,0.32239867849011805,-0.07551626495065733,0.24727389097743302,57.379999999999995,98.9394279211579,1571.1560053322285
19.391010180609406,69.17689216117103,1.4199884243442904,-0.2577361286116122,-0.9188934561476756,0.1093429719439738,-0.09750751437815963,0.4506019534534622,-0.24309895537080872,0.6813249914178128,-0.06137061283275136,0.12528685802434736,0.32239867849011805,-0.07551626495065733,0.24727389097743302,57.379999999999995,98.9394279211579,1569.0702682548722
19.500508907237997,69.20739533375351,1.4052353260541794,-0.2577361286116122,-0.9188934561476756,0.1093429719439738,-0.09750751437815963,0.4506019534534622,-0.24309895537080872,0.6813249914178128,-0.06137061283275136,0.12528685802434736,0.32239867849011805,-0.07551626495065733,0.24727389097743302,57.379999999999995,98.9394279211579,1567.0575339929894
19.60920453860995,69.2356401892765,1.3909739903945062,-0.5562387376292799,0.465726233510398,-0.2366358226080083,-0.610330916458871,-0.4576744504120631,-0.501549896074375,-0.6957218754890668,0.5427474084026527,-0.4891765352720463,-0.7449131899029311,0.33033430664538765,-0.17439010264003452,62.6,91.7105604075986,1457.2153994601629
19.717872740574926,69.32114898056179,1.3800605055822905,-0.5562387376292799,0.465726233510398,-0.2366358226080083,-0.610330916458871,-0.4576744504120631,-0.501549896074375,-0.6957218754890668,0.5427474084026527,-0.4891765352720463,-0.7449131899029311,0.33033430664538765,-0.17439010264003452,62.6,91.7105604075986,1446.7930725317483
19.826641333329786,70.41736390964061,1.4200878986474925,-0.5562387376292799,0.465726233510398,-0.2366358226080083,-0.610330916458871,-0.4576744504120631,-0.501549896074375,-0.6957218754890668,0.5427474084026527,-0.4891765352720463,-0.7449131899029311,0.33033430664538765,-0.17439010264003452,62.6,91.7105604075986,1485.0190456096364
19.935435354029284,70.45750086215604,1.430278275888114,-0.5562387376292799,0.465726233510398,-0.2366358226080083,-0.610330916458871,-0.4576744504120631,-0.501549896074375,-0.6957218754890668,0.5427474084026527,-0.4891765352720463,-0.7449131899029311,0.33033430664538765,-0.17439010264003452,62.6,91.7105604075986,1494.7508081908015
20.044216793851696,70.16874668214473,1.4252329859448547,-0.5562387376292799,0.465726233510398,-0.2366358226080083,-0.610330916458871,-0.4576744504120631,-0.501549896074375,-0.6957218754890668,0.5427474084026527,-0.4891765352720463,-0.7449131899029311,0.33033430664538765,-0.17439010264003452,62.6,91.7105604075986,1489.9325799033131
20.152987816707352,70.01480790866029,1.4210605306606952,-0.5562387376292799,0.465726233510398,-0.2366358226080083,-0.610330916458871,-0.4576744504120631,-0.501549896074375,-0.6957218754890668,0.5427474084026527,-0.4891765352720463,-0.7449131899029311,0.33033430664538765,-0.17439010264003452,62.6,91.7105604075986,1485.9479046310273
20.261761246340935,70.02858603238379,1.42202412144515,-0.5562387376292799,0.465726233510398,-0.2366358226080083,-0.610330916458871,-0.4576744504120631,-0.501549896074375,-0.6957218754890668,0.5427474084026527,-0.4891765352720463,-0.7449131899029311,0.33033430664538765,-0.17439010264003452,62.6,91.7105604075986,1486.8681293212705
20.370537239329092,70.03807988765593,1.42305076762332,-0.5562387376292799,0.465726233510398,-0.2366358226080083,-0.610330916458871,-0.4576744504120631,-0.501549896074375,-0.6957218754890668,0.5427474084026527,-0.4891765352720463,-0.7449131899029311,0.33033430664538765,-0.17439010264003452,62.6,91.7105604075986,1487.848571617458
20.479313674256076,70.02629574894338,1.423227802534004,-0.5562387376292799,0.465726233510398,-0.2366358226080083,-0.610330916458871,-0.4576744504120631,-0.501549896074375,-0.6957218754890668,0.5427474084026527,-0.4891765352720463,-0.7449131899029311,0.33033430664538765,-0.17439010264003452,62.6,91.7105604075986,1488.0176391287653
20.58808976651442,70.01283287035282,1.4230905326918362,-0.5562387376292799,0.465726233510398,-0.2366358226080083,-0.610330916458871,-0.4576744504120631,-0.501549896074375,-0.6957218754890668,0.5427474084026527,-0.4891765352720463,-0.7449131899029311,0.33033430664538765,-0.17439010264003452,62.6,91.7105604075986,1487.886547071819
20.696433183133372,70.00806291037986,1.423111269858531,0.33553553287776783,0.31962703419598615,-0.3892446562450005,-0.5975515179424995,-0.5559457470017481,-0.7600582733121382,-0.9257091179394721,-0.9317368329517615,-0.5390069041708885,-0.5432925870690049,0.2498212438496188,0.7851223709335224,58.28,89.27425983687525,1379.078443190814
20.804644461613677,68.78701229751432,1.3637659971858773,0.33553553287776783,0.31962703419598615,-0.3892446562450005,-0.5975515179424995,-0.5559457470017481,-0.7600582733121382,-0.9257091179394721,-0.9317368329517615,-0.5390069041708885,-0.5432925870690049,0.2498212438496188,0.7851223709335224,58.28,89.27425983687525,1318.9279854559081
20.913018635313016,70.7902179281596,1.4374546456733264,0.33553553287776783,0.31962703419598615,-0.3892446562450005,-0.5975515179424995,-0.5559457470017481,-0.7600582733121382,-0.9257091179394721,-0.9317368329517615,-0.5390069041708885,-0.5432925870690049,0.2498212438496188,0.7851223709335224,58.28,89.27425983687525,1392.776299977272
21.02138603153154,70.40563274772511,1.4343036825260043,0.33553553287776783,0.31962703419598615,-0.3892446562450005,-0.5975515179424995,-0.5559457470017481,-0.7600582733121382,-0.9257091179394721,-0.9317368329517615,-0.5390069041708885,-0.5432925870690049,0.2498212438496188,0.7851223709335224,58.28,89.27425983687525,1389.767144915818
21.129729669592667,70.01386446819649,1.4232149632975257,0.33553553287776783,0.31962703419598615,-0.3892446562450005,-0.5975515179424995,-0.5559457470017481,-0.7600582733121382,-0.9257091179394721,-0.9317368329517615,-0.5390069041708885,-0.5432925870690049,0.2498212438496188,0.7851223709335224,58.28,89.27425983687525,1379.1774699398431
21.238056013805867,69.84167469129859,1.4150973355749406,0.33553553287776783,0.31962703419598615,-0.3892446562450005,-0.5975515179424995,-0.5559457470017481,-0.7600582733121382,-0.9257091179394721,-0.9317368329517615,-0.5390069041708885,-0.5432925870690049,0.2498212438496188,0.7851223709335224,58.28,89.27425983687525,1371.4251734494273
21.346383420997622,69.91603780140426,1.4155975117677713,0.33553553287776783,0.31962703419598615,-0.3892446562450005,-0.5975515179424995,-0.5559457470017481,-0.7600582733121382,-0.9257091179394721,-0.9317368329517615,-0.5390069041708885,-0.5432925870690049,0.2498212438496188,0.7851223709335224,58.28,89.27425983687525,1371.9028393731164
21.454715010945034,69.99038301084514,1.4175639694338567,0.33553553287776783,0.31962703419598615,-0.3892446562450005,-0.5975515179424995,-0.5559457470017481,-0.7600582733121382,-0.9257091179394721,-0.9317368329517615,-0.5390069041708885,-0.5432925870690049,0.2498212438496188,0.7851223709335224,58.28,89.27425983687525,1373.7807972426217
21.563047440519398,70.00237086730935,1.4179584234852727,0.33553553287776783,0.31962703419598615,-0.3892446562450005,-0.5975515179424995,-0.5559457470017481,-0.7600582733121382,-0.9257091179394721,-0.9317368329517615,-0.5390069041708885,-0.5432925870690049,0.2498212438496188,0.7851223709335224,58.28,89.27425983687525,1374.1574990159631
21.671378392796502,69.98716795584183,1.417264330051764,0.33553553287776783,0.31962703419598615,-0.3892446562450005,-0.5975515179424995,-0.5559457470017481,-0.7600582733121382,-0.9257091179394721,-0.9317368329517615,-0.5390069041708885,-0.5432925870690049,0.2498212438496188,0.7851223709335224,58.28,89.27425983687525,1373.4946430348198
21.78026931195756,69.9804920749006,1.4166858294149731,0.5594560324858846,0.44290253725614903,-0.37911568192949474,-0.2738331671536407,-0.6078364322714209,0.8709835960673624,0.12346800035204075,0.6345830737814218,-0.3021720381059887,0.5994285256472256,-0.7917910749453168,0.42424033025478947,53.96,91.52360862437241,1559.8817375857545
21.889148152524463,69.62815483552723,1.3991308153085358,0.5594560324858846,0.44290253725614903,-0.37911568192949474,-0.2738331671536407,-0.6078364322714209,0.8709835960673624,0.12346800035204075,0.6345830737814218,-0.3021720381059887,0.5994285256472256,-0.7917910749453168,0.42424033025478947,53.96,91.52360862437241,1555.0917500638054
21.99787097116397,66.8499088127525,1.2564047216601235,0.5594560324858846,0.44290253725614903,-0.37911568192949474,-0.2738331671536407,-0.6078364322714209,0.8709835960673624,0.12346800035204075,0.6345830737814218,-0.3021720381059887,0.5994285256472256,-0.7917910749453168,0.42424033025478947,53.96,91.52360862437241,1490.7852424984471
22.106548767180534,67.54396690728265,1.2280776110899079,0.5594560324858846,0.44290253725614903,-0.37911568192949474,-0.2738331671536407,-0.6078364322714209,0.8709835960673624,0.12346800035204075,0.6345830737814218,-0.3021720381059887,0.5994285256472256,-0.7917910749453168,0.42424033025478947,53.96,91.52360862437241,1471.4622010383944
22.215218944106706,68.43930177560411,1.223252621660753,0.5594560324858846,0.44290253725614903,-0.37911568192949474,-0.2738331671536407,-0.6078364322714209,0.8709835960673624,0.12346800035204075,0.6345830737814218,-0.3021720381059887,0.5994285256472256,-0.7917910749453168,0.42424033025478947,53.96,91.52360862437241,1468.1708850902755
22.32388096178507,68.96488694594152,1.2180735475020141,0.5594560324858846,0.44290253725614903,-0.37911568192949474,-0.2738331671536407,-0.6078364322714209,0.8709835960673624,0.12346800035204075,0.6345830737814218,-0.3021720381059887,0.5994285256472256,-0.7917910749453168,0.42424033025478947,53.96,91.52360862437241,1464.63803395652
22.43253874268284,69.32868053220761,1.2153796118960989,0.5594560324858846,0.44290253725614903,-0.37911568192949474,-0.2738331671536407,-0.6078364322714209,0.8709835960673624,0.12346800035204075,0.6345830737814218,-0.3021720381059887,0.5994285256472256,-0.7917910749453168,0.42424033025478947,53.96,91.52360862437241,1462.8003940293986
22.541187767648477,69.48597848465783,1.2098002110690356,0.5594560324858846,0.44290253725614903,-0.37911568192949474,-0.2738331671536407,-0.6078364322714209,0.8709835960673624,0.12346800035204075,0.6345830737814218,-0.3021720381059887,0.5994285256472256,-0.7917910749453168,0.42424033025478947,53.96,91.52360862437241,1458.9944642563507
22.64982824745591,69.58204758087511,1.2043404243955673,0.5594560324858846,0.44290253725614903,-0.37911568192949474,-0.2738331671536407,-0.6078364322714209,0.8709835960673624,0.12346800035204075,0.6345830737814218,-0.3021720381059887,0.5994285256472256,-0.7917910749453168,0.42424033025478947,53.96,91.52360862437241,1455.2701280239996
22.758461349615786,69.65428361170154,1.1996146066472122,0.5594560324858846,0.44290253725614903,-0.37911568192949474,-0.2738331671536407,-0.6078364322714209,0.8709835960673624,0.12346800035204075,0.6345830737814218,-0.3021720381059887,0.5994285256472256,-0.7917910749453168,0.42424033025478947,53.96,91.52360862437241,1452.0464609981034
22.866803433074924,69.71972169931198,1.1959826983098654,0.8348969918313196,0.6071707372583974,-0.34577370740208435,-0.48978564147226833,-0.009995651285724438,-0.1727780914610666,-0.15012580941449571,-0.8512433903104621,0.20678130257904748,0.49439946709094507,0.5951524533216399,-0.2369989548924143,55.4,84.0279702165789,1481.6246388735774
22.974985874271113,67.35657588950255,1.0752918832093694,0.8348969918313196,0.6071707372583974,-0.34577370740208435,-0.48978564147226833,-0.009995651285724438,-0.1727780914610666,-0.15012580941449571,-0.8512433903104621,0.20678130257904748,0.49439946709094507,0.5951524533216399,-0.2369989548924143,55.4,84.0279702165789,1392.2529850490725
23.083139614811984,68.01932555081984,1.0554353818179505,0.8348969918313196,0.6071707372583974,-0.34577370740208435,-0.48978564147226833,-0.009995651285724438,-0.1727780914610666,-0.15012580941449571,-0.8512433903104621,0.20678130257904748,0.49439946709094507,0.5951524533216399,-0.2369989548924143,55.4,84.0279702165789,1375.9990999793508
23.191210247427186,67.64487120055091,0.9981095395882061,0.8348969918313196,0.6071707372583974,-0.34577370740208435,-0.48978564147226833,-0.009995651285724438,-0.1727780914610666,-0.15012580941449571,-0.8512433903104621,0.20678130257904748,0.49439946709094507,0.5951524533216399,-0.2369989548924143,55.4,84.0279702165789,1327.4524360411913
23.299155219124547,67.02870020268558,0.9216165079970311,0.8348969918313196,0.6071707372583974,-0.34577370740208435,-0.48978564147226833,-0.009995651285724438,-0.1727780914610666,-0.15012580941449571,-0.8512433903104621,0.20678130257904748,0.49439946709094507,0.5951524533216399,-0.2369989548924143,55.4,84.0279702165789,1254.4019488039319
23.40703526085821,67.39446214064654,0.8808183201225404,0.8348969918313196,0.6071707372583974,-0.34577370740208435,-0.48978564147226833,-0.009995651285724438,-0.1727780914610666,-0.15012580941449571,-0.8512433903104621,0.20678130257904748,0.49439946709094507,0.5951524533216399,-0.2369989548924143,55.4,84.0279702165789,1215.4398702899377
23.514876807632277,67.93483169213812,0.8557454602514,0.8348969918313196,0.6071707372583974,-0.34577370740208435,-0.48978564147226833,-0.009995651285724438,-0.1727780914610666,-0.15012580941449571,-0.8512433903104621,0.20678130257904748,0.49439946709094507,0.5951524533216399,-0.2369989548924143,55.4,84.0279702165789,1191.4954064359304
23.622681910268106,68.30959412487077,0.8332634897520107,0.8348969918313196,0.6071707372583974,-0.34577370740208435,-0.48978564147226833,-0.009995651285724438,-0.1727780914610666,-0.15012580941449571,-0.8512433903104621,0.20678130257904748,0.49439946709094507,0.5951524533216399,-0.2369989548924143,55.4,84.0279702165789,1172.4781899370673
23.730461179181106,68.6270051100885,0.8153805730789118,0.8348969918313196,0.6071707372583974,-0.34577370740208435,-0.48978564147226833,-0.009995651285724438,-0.1727780914610666,-0.15012580941449571,-0.8512433903104621,0.20678130257904748,0.49439946709094507,0.5951524533216399,-0.2369989548924143,55.4,84.0279702165789,1157.8398170139517
23.838223377855424,68.9344462487335,0.8032741941098733,0.8348969918313196,0.6071707372583974,-0.34577370740208435,-0.48978564147226833,-0.009995651285724438,-0.1727780914610666,-0.15012580941449571,-0.8512433903104621,0.20678130257904748,0.49439946709094507,0.5951524533216399,-0.2369989548924143,55.4,84.0279702165789,1147.9299296428417
23.94574529784,69.16265699285165,0.7933724404577793,0.5943163056408189,-0.05640526077162078,0.4427983422892625,-0.6215746214509952,-0.13080858124077976,0.6469362181042837,0.6525452557302056,-0.6209490330367435,-0.9597956596946737,0.4069827721119388,-0.3054597611621217,-0.16099236755309287,52.34,79.76754032618133,1072.8751705248346
24.053180109951967,67.38115582036237,0.6900357259544,0.5943163056408189,-0.05640526077162078,0.4427983422892625,-0.6215746214509952,-0.13080858124077976,0.6469362181042837,0.6525452557302056,-0.6209490330367435,-0.9597956596946737,0.4069827721119388,-0.3054597611621217,-0.16099236755309287,52.34,79.76754032618133,988.2871029740012
24.160551428056092,66.64649330831034,0.6025653581998156,0.5943163056408189,-0.05640526077162078,0.4427983422892625,-0.6215746214509952,-0.13080858124077976,0.6469362181042837,0.6525452557302056,-0.6209490330367435,-0.9597956596946737,0.4069827721119388,-0.3054597611621217,-0.16099236755309287,52.34,79.76754032618133,921.7881500394872
24.26791951859417,67.8876873795772,0.5968880234192073,0.5943163056408189,-0.05640526077162078,0.4427983422892625,-0.6215746214509952,-0.13080858124077976,0.6469362181042837,0.6525452557302056,-0.6209490330367435,-0.9597956596946737,0.4069827721119388,-0.3054597611621217,-0.16099236755309287,52.34,79.76754032618133,918.6899625254061
24.375278604026057,68.48467379099455,0.584305354213155,0.5943163056408189,-0.05640526077162078,0.4427983422892625,-0.6215746214509952,-0.13080858124077976,0.6469362181042837,0.6525452557302056,-0.6209490330367435,-0.9597956596946737,0.4069827721119388,-0.3054597611621217,-0.16099236755309287,52.34,79.76754032618133,910.6349111754018
24.48262581748098,68.77787547070997,0.5686969177925478,0.5943163056408189,-0.05640526077162078,0.4427983422892625,-0.6215746214509952,-0.13080858124077976,0.6469362181042837,0.6525452557302056,-0.6209490330367435,-0.9597956596946737,0.4069827721119388,-0.3054597611621217,-0.16099236755309287,52.34,79.76754032618133,899.9877799286622
24.589959415117004,68.92708674361276,0.5518562771101688,0.5943163056408189,-0.05640526077162078,0.4427983422892625,-0.6215746214509952,-0.13080858124077976,0.6469362181042837,0.6525452557302056,-0.6209490330367435,-0.9597956596946737,0.4069827721119388,-0.3054597611621217,-0.16099236755309287,52.34,79.76754032618133,887.7708543988044
24.697278600357926,69.05088449016438,0.536721059639561,0.5943163056408189,-0.05640526077162078,0.4427983422892625,-0.6215746214509952,-0.13080858124077976,0.6469362181042837,0.6525452557302056,-0.6209490330367435,-0.9597956596946737,0.4069827721119388,-0.3054597611621217,-0.16099236755309287,52.34,79.76754032618133,875.3816585166529
24.804586457633736,69.18436530564176,0.5245001973828758,0.5943163056408189,-0.05640526077162078,0.4427983422892625,-0.6215746214509952,-0.13080858124077976,0.6469362181042837,0.6525452557302056,-0.6209490330367435,-0.9597956596946737,0.4069827721119388,-0.3054597611621217,-0.16099236755309287,52.34,79.76754032618133,865.3780588563974
24.911884732681315,69.29761849051219,0.5139271223812164,0.5943163056408189,-0.05640526077162078,0.4427983422892625,-0.6215746214509952,-0.13080858124077976,0.6469362181042837,0.6525452557302056,-0.6209490330367435,-0.9597956596946737,0.4069827721119388,-0.3054597611621217,-0.16099236755309287,52.34,79.76754032618133,856.7232841545064
